[
  {
    "id": "e6111f51-db57-4a41-8e62-ec6eb5b75eea",
    "data": [
      {
        "text": "I have nothing to do",
        "userDefined": false
      }
    ],
    "isTemplate": false,
    "count": 0,
    "lang": "en",
    "updated": 0
  },
  {
    "id": "43cc9b5f-6037-4eb7-86cd-ba0c358c5f40",
    "data": [
      {
        "text": "What shall I do? I am bored",
        "userDefined": false
      }
    ],
    "isTemplate": false,
    "count": 0,
    "lang": "en",
    "updated": 0
  },
  {
    "id": "b07777b2-e52b-4149-be45-ffe6f635c6f1",
    "data": [
      {
        "text": "I am bored",
        "userDefined": false
      }
    ],
    "isTemplate": false,
    "count": 0,
    "lang": "en",
    "updated": 0
  }
]