[
  {
    "id": "3a7535bd-af4d-4a31-9d8d-454f18199bc3",
    "data": [
      {
        "text": "What is your favourite food?",
        "userDefined": false
      }
    ],
    "isTemplate": false,
    "count": 0,
    "lang": "en",
    "updated": 0
  },
  {
    "id": "7e7d51b4-5a00-4e34-855f-defded66b85c",
    "data": [
      {
        "text": "What is your favourite cuisine?",
        "userDefined": false
      }
    ],
    "isTemplate": false,
    "count": 0,
    "lang": "en",
    "updated": 0
  },
  {
    "id": "41cf109d-401f-481b-9ae0-a90524d5658c",
    "data": [
      {
        "text": "What is your favourite dish",
        "userDefined": false
      }
    ],
    "isTemplate": false,
    "count": 0,
    "lang": "en",
    "updated": 0
  },
  {
    "id": "ddc3237d-ddb6-47f7-a2a1-9c5acb81f5cd",
    "data": [
      {
        "text": "What you like to eat?",
        "userDefined": false
      }
    ],
    "isTemplate": false,
    "count": 0,
    "lang": "en",
    "updated": 0
  },
  {
    "id": "998e6f5a-9294-478b-b121-b0cd4de88353",
    "data": [
      {
        "text": "What\u0027s your favourite food",
        "userDefined": false
      }
    ],
    "isTemplate": false,
    "count": 0,
    "lang": "en",
    "updated": 0
  }
]