[
  {
    "id": "ad914d32-3504-4198-a467-ba3a40ef481b",
    "data": [
      {
        "text": "What game should I play",
        "userDefined": false
      }
    ],
    "isTemplate": false,
    "count": 0,
    "lang": "en",
    "updated": 0
  },
  {
    "id": "6c3c3b3d-23b7-46ac-b231-49701bbdc6c4",
    "data": [
      {
        "text": "Let\u0027s play some games",
        "userDefined": false
      }
    ],
    "isTemplate": false,
    "count": 0,
    "lang": "en",
    "updated": 0
  },
  {
    "id": "83a14ad9-e729-4fcd-aa5a-ae6801f4a6da",
    "data": [
      {
        "text": "What about playing some games",
        "userDefined": false
      }
    ],
    "isTemplate": false,
    "count": 0,
    "lang": "en",
    "updated": 0
  },
  {
    "id": "3145a4c1-3824-4518-8ec3-c34e847b1fc5",
    "data": [
      {
        "text": "Wanna a play game with me",
        "userDefined": false
      }
    ],
    "isTemplate": false,
    "count": 0,
    "lang": "en",
    "updated": 0
  },
  {
    "id": "0017585e-9b8e-4d4c-9db9-811b943337b9",
    "data": [
      {
        "text": "Play a game",
        "userDefined": false
      }
    ],
    "isTemplate": false,
    "count": 0,
    "lang": "en",
    "updated": 0
  }
]