[
  {
    "id": "35759fab-5ef6-4cc3-aa02-64c5953a6c78",
    "data": [
      {
        "text": "Who do you follow the most",
        "userDefined": false
      }
    ],
    "isTemplate": false,
    "count": 0,
    "lang": "en",
    "updated": 0
  },
  {
    "id": "6ffe0994-6de0-4477-bc4e-d8b88fb5150e",
    "data": [
      {
        "text": "Who is ",
        "userDefined": false
      },
      {
        "text": "first",
        "userDefined": false
      },
      {
        "text": " love",
        "userDefined": false
      }
    ],
    "isTemplate": false,
    "count": 0,
    "lang": "en",
    "updated": 0
  },
  {
    "id": "c4774d19-b616-4df7-8eea-c07700ee7531",
    "data": [
      {
        "text": "Who is your Idol",
        "userDefined": false
      }
    ],
    "isTemplate": false,
    "count": 0,
    "lang": "en",
    "updated": 0
  }
]