[
  {
    "id": "6ea22e89-131f-401b-a237-df365eb944d0",
    "data": [
      {
        "text": "Cheer me up ! I\u0027m full of anxiety.",
        "userDefined": false
      }
    ],
    "isTemplate": false,
    "count": 0,
    "lang": "en",
    "updated": 0
  },
  {
    "id": "7df85ba8-343f-41e4-8d54-ba58ce8b4dec",
    "data": [
      {
        "text": "Cheer me up please.",
        "userDefined": false
      }
    ],
    "isTemplate": false,
    "count": 0,
    "lang": "en",
    "updated": 0
  },
  {
    "id": "0da305a1-afd3-44c0-98a8-e645831ede44",
    "data": [
      {
        "text": "Can you make me laugh ?",
        "userDefined": false
      }
    ],
    "isTemplate": false,
    "count": 0,
    "lang": "en",
    "updated": 0
  },
  {
    "id": "19e184c3-b144-4ae2-8751-65125ce24e92",
    "data": [
      {
        "text": "Hi, can you make me laugh ?",
        "userDefined": false
      }
    ],
    "isTemplate": false,
    "count": 0,
    "lang": "en",
    "updated": 0
  },
  {
    "id": "f7465ea2-944d-483c-aae1-afc89e4ad8bc",
    "data": [
      {
        "text": "Share a joke with me",
        "userDefined": false
      }
    ],
    "isTemplate": false,
    "count": 0,
    "lang": "en",
    "updated": 0
  },
  {
    "id": "8f7fd39a-6e2e-48b4-8afe-b6d58f98e33c",
    "data": [
      {
        "text": "Hey, can you share a joke with me ?",
        "userDefined": false
      }
    ],
    "isTemplate": false,
    "count": 0,
    "lang": "en",
    "updated": 0
  },
  {
    "id": "7fd53cdf-64ab-433e-873e-ad66cb802a0d",
    "data": [
      {
        "text": "What about some jokes",
        "userDefined": false
      }
    ],
    "isTemplate": false,
    "count": 0,
    "lang": "en",
    "updated": 0
  },
  {
    "id": "0bc76ee4-f072-4e5e-827c-2cfbca37e6d0",
    "data": [
      {
        "text": "Jokes please",
        "userDefined": false
      }
    ],
    "isTemplate": false,
    "count": 0,
    "lang": "en",
    "updated": 0
  },
  {
    "id": "d6d8c2d0-0273-48e1-998d-fbad0e739783",
    "data": [
      {
        "text": "Jokes",
        "userDefined": false
      }
    ],
    "isTemplate": false,
    "count": 0,
    "lang": "en",
    "updated": 0
  },
  {
    "id": "6761157e-0f11-4da3-a2f0-44b9d7e12da6",
    "data": [
      {
        "text": "Where are the jokes",
        "userDefined": false
      }
    ],
    "isTemplate": false,
    "count": 0,
    "lang": "en",
    "updated": 0
  },
  {
    "id": "71e03045-c15c-4603-9924-0e1b19a26582",
    "data": [
      {
        "text": "Crack me a joke",
        "userDefined": false
      }
    ],
    "isTemplate": false,
    "count": 0,
    "lang": "en",
    "updated": 0
  },
  {
    "id": "8cc7e0fb-d8dc-4f62-82f8-c625fc1a7de5",
    "data": [
      {
        "text": "Crack a joke",
        "userDefined": false
      }
    ],
    "isTemplate": false,
    "count": 0,
    "lang": "en",
    "updated": 0
  },
  {
    "id": "aa9cc5f2-3e6c-4c1f-b08e-45dc165fe042",
    "data": [
      {
        "text": "joke please",
        "userDefined": false
      }
    ],
    "isTemplate": false,
    "count": 0,
    "lang": "en",
    "updated": 0
  },
  {
    "id": "fed1e8b4-0460-4d6b-8166-eca58f53d4e1",
    "data": [
      {
        "text": "one more joke please",
        "userDefined": false
      }
    ],
    "isTemplate": false,
    "count": 0,
    "lang": "en",
    "updated": 0
  },
  {
    "id": "56e144a2-10f4-4be0-b44c-466d87c5c615",
    "data": [
      {
        "text": "one more joke",
        "userDefined": false
      }
    ],
    "isTemplate": false,
    "count": 0,
    "lang": "en",
    "updated": 0
  },
  {
    "id": "a1bc1625-2b09-42c6-b1e7-1dbf63ace297",
    "data": [
      {
        "text": "simple joke",
        "userDefined": false
      }
    ],
    "isTemplate": false,
    "count": 0,
    "lang": "en",
    "updated": 0
  },
  {
    "id": "57f1e5ec-9a18-4a40-8288-86ca86393181",
    "data": [
      {
        "text": "Crack a simple joke for me",
        "userDefined": false
      }
    ],
    "isTemplate": false,
    "count": 0,
    "lang": "en",
    "updated": 0
  },
  {
    "id": "13bfb7c1-9f71-469f-80db-2f5dc0f553c5",
    "data": [
      {
        "text": "Crack a simple joke for me please",
        "userDefined": false
      }
    ],
    "isTemplate": false,
    "count": 0,
    "lang": "en",
    "updated": 0
  },
  {
    "id": "393daf3b-091e-4e98-b572-8fd6cca907e5",
    "data": [
      {
        "text": "Make me laugh",
        "userDefined": false
      }
    ],
    "isTemplate": false,
    "count": 0,
    "lang": "en",
    "updated": 0
  },
  {
    "id": "ec0b0c74-ed3a-4853-8609-ad9a1ded8bd1",
    "data": [
      {
        "text": "Please tell me a joke",
        "userDefined": false
      }
    ],
    "isTemplate": false,
    "count": 0,
    "lang": "en",
    "updated": 0
  },
  {
    "id": "e6c65474-3a3b-49be-aced-ad498ab91da8",
    "data": [
      {
        "text": "Tell me a Joke",
        "userDefined": false
      }
    ],
    "isTemplate": false,
    "count": 0,
    "lang": "en",
    "updated": 0
  }
]