[
  {
    "id": "90dbfa8b-bd29-4da3-97c4-7a494b5fb693",
    "data": [
      {
        "text": "Brain?",
        "userDefined": false
      }
    ],
    "isTemplate": false,
    "count": 0,
    "lang": "en",
    "updated": 0
  },
  {
    "id": "a55d4b76-c85f-4695-ab12-2f239778b203",
    "data": [
      {
        "text": "Do you have brain?",
        "userDefined": false
      }
    ],
    "isTemplate": false,
    "count": 0,
    "lang": "en",
    "updated": 0
  },
  {
    "id": "622a7a61-b4cf-4d62-b12b-6b39011648c6",
    "data": [
      {
        "text": "Where do you keep your brain?",
        "userDefined": false
      }
    ],
    "isTemplate": false,
    "count": 0,
    "lang": "en",
    "updated": 0
  },
  {
    "id": "e5c598ac-011b-4933-8b1b-0b18a68c9b94",
    "data": [
      {
        "text": "Where is your brain?",
        "userDefined": false
      }
    ],
    "isTemplate": false,
    "count": 0,
    "lang": "en",
    "updated": 0
  }
]