[
  {
    "id": "00c2b6f1-721f-4bad-8263-5971ec9c4ba5",
    "data": [
      {
        "text": "Your past life",
        "userDefined": false
      }
    ],
    "isTemplate": false,
    "count": 0,
    "lang": "en",
    "updated": 0
  },
  {
    "id": "a39effc9-48eb-46ba-8548-7ae7e4fa743c",
    "data": [
      {
        "text": "What is your history?",
        "userDefined": false
      }
    ],
    "isTemplate": false,
    "count": 0,
    "lang": "en",
    "updated": 0
  },
  {
    "id": "77adf080-02cc-4f7b-9420-627d38522d61",
    "data": [
      {
        "text": "Tell me about your past",
        "userDefined": false
      }
    ],
    "isTemplate": false,
    "count": 0,
    "lang": "en",
    "updated": 0
  }
]