[
  {
    "id": "07ce950b-4eaf-45dc-aed3-c74051d8df25",
    "data": [
      {
        "text": "At what time do you wake up?",
        "userDefined": false
      }
    ],
    "isTemplate": false,
    "count": 0,
    "lang": "en",
    "updated": 0
  },
  {
    "id": "031420d3-f28b-449c-8461-ee4bc89bbd35",
    "data": [
      {
        "text": "At what time do you sleep?",
        "userDefined": false
      }
    ],
    "isTemplate": false,
    "count": 0,
    "lang": "en",
    "updated": 0
  },
  {
    "id": "9b930892-0816-4d5e-8d30-eca2c1d2aa96",
    "data": [
      {
        "text": "When do you sleep?",
        "userDefined": false
      }
    ],
    "isTemplate": false,
    "count": 0,
    "lang": "en",
    "updated": 0
  },
  {
    "id": "2f4284d0-19f9-43b6-93ea-5d5772775e8a",
    "data": [
      {
        "text": "When do you wake up?",
        "userDefined": false
      }
    ],
    "isTemplate": false,
    "count": 0,
    "lang": "en",
    "updated": 0
  },
  {
    "id": "61d2e445-1101-419d-937d-5cad3e052e03",
    "data": [
      {
        "text": "When did you wake up?",
        "userDefined": false
      }
    ],
    "isTemplate": false,
    "count": 0,
    "lang": "en",
    "updated": 0
  }
]