[
  {
    "id": "0a25a1eb-a11a-4838-9aab-716975205d80",
    "data": [
      {
        "text": "PersonX",
        "userDefined": false
      }
    ],
    "isTemplate": false,
    "count": 0,
    "lang": "en",
    "updated": 0
  },
  {
    "id": "b566dfaa-4177-4e5f-b3c2-2d5c2321443c",
    "data": [
      {
        "text": "name?",
        "userDefined": false
      }
    ],
    "isTemplate": false,
    "count": 0,
    "lang": "en",
    "updated": 0
  },
  {
    "id": "fb9371dc-1ffe-4e75-8892-0d22bf9c86c6",
    "data": [
      {
        "text": "Name please?",
        "userDefined": false
      }
    ],
    "isTemplate": false,
    "count": 0,
    "lang": "en",
    "updated": 0
  },
  {
    "id": "f799f36a-bf70-4593-b27a-9dd31913c1d8",
    "data": [
      {
        "text": "What\u0027s your name?",
        "userDefined": false
      }
    ],
    "isTemplate": false,
    "count": 0,
    "lang": "en",
    "updated": 0
  },
  {
    "id": "06dd7cf3-daee-4528-8889-14039b59259e",
    "data": [
      {
        "text": "What is your name?",
        "userDefined": false
      }
    ],
    "isTemplate": false,
    "count": 0,
    "lang": "en",
    "updated": 0
  }
]