[
  {
    "id": "3d89b1f8-2d9e-4c45-82fa-28f273f1673c",
    "data": [
      {
        "text": "Will you be my partner in crime?",
        "userDefined": false
      }
    ],
    "isTemplate": false,
    "count": 0,
    "lang": "en",
    "updated": 0
  },
  {
    "id": "f3a06081-d6b4-4a03-9834-c665b615f880",
    "data": [
      {
        "text": "Can you be my partner in crime?",
        "userDefined": false
      }
    ],
    "isTemplate": false,
    "count": 0,
    "lang": "en",
    "updated": 0
  }
]