[
  {
    "id": "cd655bf3-608d-43a4-89f7-911f23ed2ead",
    "data": [
      {
        "text": "How do you feel happy?",
        "userDefined": false
      }
    ],
    "isTemplate": false,
    "count": 0,
    "lang": "en",
    "updated": 0
  },
  {
    "id": "9e7d4384-3996-418d-b7f2-81b3f2abbfb9",
    "data": [
      {
        "text": "What make you happy?",
        "userDefined": false
      }
    ],
    "isTemplate": false,
    "count": 0,
    "lang": "en",
    "updated": 0
  },
  {
    "id": "eae4bab0-3946-460e-9169-a77b26157cb8",
    "data": [
      {
        "text": "What makes you happiest.",
        "userDefined": false
      }
    ],
    "isTemplate": false,
    "count": 0,
    "lang": "en",
    "updated": 0
  },
  {
    "id": "fe10ace1-03d3-47a5-b001-2a2dd432a026",
    "data": [
      {
        "text": "What\u0027s your plan?",
        "userDefined": false
      }
    ],
    "isTemplate": false,
    "count": 0,
    "lang": "en",
    "updated": 0
  },
  {
    "id": "33a7d051-6645-41c0-b0e3-072b84a81016",
    "data": [
      {
        "text": "What\u0027s your weekend plan?",
        "userDefined": false
      }
    ],
    "isTemplate": false,
    "count": 0,
    "lang": "en",
    "updated": 0
  }
]