[
  {
    "id": "7a33ed54-fa38-47d2-b518-13763aa2908f",
    "data": [
      {
        "text": "rid of boredom?",
        "userDefined": false
      }
    ],
    "isTemplate": false,
    "count": 0,
    "lang": "en",
    "updated": 0
  },
  {
    "id": "24e99a97-203d-413e-84e6-bef705171ef5",
    "data": [
      {
        "text": "What to do to get rid of boredom?",
        "userDefined": false
      }
    ],
    "isTemplate": false,
    "count": 0,
    "lang": "en",
    "updated": 0
  },
  {
    "id": "14f12cfa-dcd8-481e-b254-ccf832d5564f",
    "data": [
      {
        "text": "Want to do to get rid of boredom?",
        "userDefined": false
      }
    ],
    "isTemplate": false,
    "count": 0,
    "lang": "en",
    "updated": 0
  },
  {
    "id": "17afe840-f73c-4f65-9dd1-a13fa5925918",
    "data": [
      {
        "text": "How can I get rid of boredom?",
        "userDefined": false
      }
    ],
    "isTemplate": false,
    "count": 0,
    "lang": "en",
    "updated": 0
  },
  {
    "id": "ba1584bc-e30a-4802-8ea6-bf8df718e262",
    "data": [
      {
        "text": "How to get rid of boredom?",
        "userDefined": false
      }
    ],
    "isTemplate": false,
    "count": 0,
    "lang": "en",
    "updated": 0
  },
  {
    "id": "39851ca1-80b5-4236-a94d-b8f691ccd43e",
    "data": [
      {
        "text": "What am I supposed to do or talk about to you to get rid of this boredom ?",
        "userDefined": false
      }
    ],
    "isTemplate": false,
    "count": 0,
    "lang": "en",
    "updated": 0
  }
]