[
  {
    "id": "d43f1338-b698-4346-a9d2-932ae014baa8",
    "data": [
      {
        "text": "Do you have secrets?",
        "userDefined": false
      }
    ],
    "isTemplate": false,
    "count": 0,
    "lang": "en",
    "updated": 0
  },
  {
    "id": "1e3cb0f0-9b0b-4a21-813f-4086d7e393be",
    "data": [
      {
        "text": "Your darkest secrets",
        "userDefined": false
      }
    ],
    "isTemplate": false,
    "count": 0,
    "lang": "en",
    "updated": 0
  },
  {
    "id": "9190fb30-050b-4166-bca0-721d7f8236a9",
    "data": [
      {
        "text": "Your secrets",
        "userDefined": false
      }
    ],
    "isTemplate": false,
    "count": 0,
    "lang": "en",
    "updated": 0
  },
  {
    "id": "6c4e2584-d79f-4826-b039-add008da36af",
    "data": [
      {
        "text": "Secrets of you",
        "userDefined": false
      }
    ],
    "isTemplate": false,
    "count": 0,
    "lang": "en",
    "updated": 0
  },
  {
    "id": "90b53c06-0b69-4bf5-a72a-3c5f7113f646",
    "data": [
      {
        "text": "Tell me some of your secrets.",
        "userDefined": false
      }
    ],
    "isTemplate": false,
    "count": 0,
    "lang": "en",
    "updated": 0
  }
]