[
  {
    "id": "242a384c-30fd-40c1-bf26-d74ac1e11631",
    "data": [
      {
        "text": "Stop to procrastinate",
        "userDefined": false
      }
    ],
    "isTemplate": false,
    "count": 0,
    "lang": "en",
    "updated": 0
  },
  {
    "id": "736d9653-6b56-40c9-8b7b-0580bc9f5a71",
    "data": [
      {
        "text": "Stopping procrastination",
        "userDefined": false
      }
    ],
    "isTemplate": false,
    "count": 0,
    "lang": "en",
    "updated": 0
  },
  {
    "id": "f073b412-7823-404f-94cc-d1e48205722b",
    "data": [
      {
        "text": "Stop procrastinating",
        "userDefined": false
      }
    ],
    "isTemplate": false,
    "count": 0,
    "lang": "en",
    "updated": 0
  },
  {
    "id": "e06b16b0-e760-47d8-923a-3e763a6a1b51",
    "data": [
      {
        "text": "How to stop procrastinating?",
        "userDefined": false
      }
    ],
    "isTemplate": false,
    "count": 0,
    "lang": "en",
    "updated": 0
  },
  {
    "id": "7f5e2b3d-f23f-44e2-b23c-438945e404e8",
    "data": [
      {
        "text": "How do I stop procrastinating?",
        "userDefined": false
      }
    ],
    "isTemplate": false,
    "count": 0,
    "lang": "en",
    "updated": 0
  }
]