[
  {
    "id": "58d04e65-dc60-4034-acf8-076cc0756794",
    "data": [
      {
        "text": "What are the things you can do?",
        "userDefined": false
      }
    ],
    "isTemplate": false,
    "count": 0,
    "lang": "en",
    "updated": 0
  },
  {
    "id": "06c42417-05f3-43a0-a336-ef628ef9f453",
    "data": [
      {
        "text": "What can you do?",
        "userDefined": false
      }
    ],
    "isTemplate": false,
    "count": 0,
    "lang": "en",
    "updated": 0
  },
  {
    "id": "68df34bf-a675-4842-9bc1-f4a1c025da59",
    "data": [
      {
        "text": "What other things can you do?",
        "userDefined": false
      }
    ],
    "isTemplate": false,
    "count": 0,
    "lang": "en",
    "updated": 0
  }
]