[
  {
    "id": "2c35bf94-6de2-408e-89c9-a83a87e6e480",
    "data": [
      {
        "text": "What time is it?",
        "userDefined": false
      }
    ],
    "isTemplate": false,
    "count": 0,
    "lang": "en",
    "updated": 0
  },
  {
    "id": "90090696-1853-4a59-b027-f321c91df532",
    "data": [
      {
        "text": "time",
        "userDefined": false
      }
    ],
    "isTemplate": false,
    "count": 0,
    "lang": "en",
    "updated": 0
  },
  {
    "id": "597a30c2-deee-4dbf-9b62-998350b9d37e",
    "data": [
      {
        "text": "Time",
        "userDefined": true
      },
      {
        "text": "?",
        "userDefined": false
      }
    ],
    "isTemplate": false,
    "count": 2,
    "lang": "en",
    "updated": 0
  },
  {
    "id": "1e310508-f0ac-4df4-afa5-91b414e01d7e",
    "data": [
      {
        "text": "Can you please tell me the ",
        "userDefined": false
      },
      {
        "text": "time",
        "userDefined": true
      },
      {
        "text": "?",
        "userDefined": false
      }
    ],
    "isTemplate": false,
    "count": 0,
    "lang": "en",
    "updated": 0
  },
  {
    "id": "6ff56bf1-e7f5-4cb2-8f7c-4bf3a6f1c912",
    "data": [
      {
        "text": "Time",
        "userDefined": true
      },
      {
        "text": " please?",
        "userDefined": false
      }
    ],
    "isTemplate": false,
    "count": 0,
    "lang": "en",
    "updated": 0
  },
  {
    "id": "60329a2a-9902-4b0c-8309-c4ead913cae1",
    "data": [
      {
        "text": "What is the ",
        "userDefined": false
      },
      {
        "text": "time",
        "userDefined": true
      },
      {
        "text": " now?",
        "userDefined": false
      }
    ],
    "isTemplate": false,
    "count": 0,
    "lang": "en",
    "updated": 0
  },
  {
    "id": "0ccbd283-6701-436c-b05e-61ad36999938",
    "data": [
      {
        "text": "What\u0027s the ",
        "userDefined": false
      },
      {
        "text": "time",
        "userDefined": true
      },
      {
        "text": " now?",
        "userDefined": false
      }
    ],
    "isTemplate": false,
    "count": 0,
    "lang": "en",
    "updated": 0
  }
]