[
  {
    "id": "afca7fbd-1b1b-4995-8c9c-9cbae1a5b1fd",
    "data": [
      {
        "text": "Can I vent about my lonliness to you ?",
        "userDefined": false
      }
    ],
    "isTemplate": false,
    "count": 0,
    "lang": "en",
    "updated": 0
  },
  {
    "id": "e43bff3c-a83e-4ab4-8fa2-0da334705555",
    "data": [
      {
        "text": "Hi, can I vent about my lonliness to you ?",
        "userDefined": false
      }
    ],
    "isTemplate": false,
    "count": 0,
    "lang": "en",
    "updated": 0
  }
]