[
  {
    "id": "c502cba5-907a-4e9c-bc83-168135b4c436",
    "data": [
      {
        "text": "More web series",
        "userDefined": false
      }
    ],
    "isTemplate": false,
    "count": 0,
    "lang": "en",
    "updated": 0
  },
  {
    "id": "d16fefba-9826-4805-8cbd-219db25a43a5",
    "data": [
      {
        "text": "Some more web series please",
        "userDefined": false
      }
    ],
    "isTemplate": false,
    "count": 0,
    "lang": "en",
    "updated": 0
  },
  {
    "id": "27f80697-c44b-42da-80e5-29ed12eb9c9c",
    "data": [
      {
        "text": "Suggest some web series",
        "userDefined": false
      }
    ],
    "isTemplate": false,
    "count": 0,
    "lang": "en",
    "updated": 0
  },
  {
    "id": "5104ecc1-1cb4-465d-bd86-cafbaf224cef",
    "data": [
      {
        "text": "Web series.",
        "userDefined": false
      }
    ],
    "isTemplate": false,
    "count": 0,
    "lang": "en",
    "updated": 0
  },
  {
    "id": "23418d5f-5b36-41d4-9f04-0bcfc8d51ffd",
    "data": [
      {
        "text": "Web series suggestions please",
        "userDefined": false
      }
    ],
    "isTemplate": false,
    "count": 0,
    "lang": "en",
    "updated": 0
  },
  {
    "id": "afdf6e8c-5da4-463b-8c32-5d7377b73eaf",
    "data": [
      {
        "text": "What are the most recent web series?",
        "userDefined": false
      }
    ],
    "isTemplate": false,
    "count": 0,
    "lang": "en",
    "updated": 0
  },
  {
    "id": "e5dac76d-00a5-4bd0-bab6-dff68922048b",
    "data": [
      {
        "text": "Latest web series",
        "userDefined": false
      }
    ],
    "isTemplate": false,
    "count": 0,
    "lang": "en",
    "updated": 0
  },
  {
    "id": "732cb9c9-db7d-44c6-b4e3-2c2190a17ed9",
    "data": [
      {
        "text": "The web series you loved the most",
        "userDefined": false
      }
    ],
    "isTemplate": false,
    "count": 0,
    "lang": "en",
    "updated": 0
  },
  {
    "id": "56715f61-8f94-415a-ab2c-038647579e66",
    "data": [
      {
        "text": "The Best Web series",
        "userDefined": false
      }
    ],
    "isTemplate": false,
    "count": 0,
    "lang": "en",
    "updated": 0
  }
]